{"cameraMode":{"drawMode":0,"name":"Shaded","section":"Shading Mode"},"sceneLighting":false,"audioPlay":false,"sceneViewState":{"showFog":true,"showMaterialUpdate":false,"showSkybox":false,"showFlares":true,"showImageEffects":true,"showParticleSystems":true},"in2DMode":false,"pivot":{"x":-9.571138381958008,"y":1.370314359664917,"z":-1.5009489059448243},"rotation":{"x":-0.07922548800706864,"y":0.07141304761171341,"z":-0.005740553606301546,"w":-0.9943650960922241},"size":0.6402769684791565,"orthographic":false}