{"cameraMode":{"drawMode":0,"name":"Shaded","section":"Shading Mode"},"sceneLighting":false,"audioPlay":false,"sceneViewState":{"showFog":true,"showMaterialUpdate":false,"showSkybox":false,"showFlares":true,"showImageEffects":true,"showParticleSystems":true},"in2DMode":false,"pivot":{"x":0.4981560707092285,"y":5.459846496582031,"z":-1.4295461177825928},"rotation":{"x":0.06028461456298828,"y":-0.07608069479465485,"z":0.004799954127520323,"w":0.995288610458374},"size":0.6446226835250855,"orthographic":false}