{"cameraMode":{"drawMode":0,"name":"Shaded","section":"Shading Mode"},"sceneLighting":false,"audioPlay":false,"sceneViewState":{"showFog":true,"showMaterialUpdate":false,"showSkybox":false,"showFlares":true,"showImageEffects":true,"showParticleSystems":true},"in2DMode":false,"pivot":{"x":29.53856086730957,"y":-2.9569661617279054,"z":-11.852537155151368},"rotation":{"x":0.08765127509832382,"y":0.6560134291648865,"z":-0.07710221409797669,"w":0.7457031011581421},"size":0.8660253882408142,"orthographic":false}