{"cameraMode":{"drawMode":0,"name":"Shaded","section":"Shading Mode"},"sceneLighting":false,"audioPlay":false,"sceneViewState":{"showFog":true,"showMaterialUpdate":false,"showSkybox":false,"showFlares":true,"showImageEffects":true,"showParticleSystems":true},"in2DMode":false,"pivot":{"x":-5.502207279205322,"y":1.563184380531311,"z":2.088594436645508},"rotation":{"x":-0.01137369405478239,"y":0.17258980870246888,"z":0.002525776159018278,"w":0.9850136637687683},"size":0.3506595492362976,"orthographic":false}